nconst,primaryName
nm0000002,Lauren Bacall
nm0000006,Ingrid Bergman
nm0000007,Humphrey Bogart
nm0000008,Marlon Brando
nm0000012,Bette Davis
nm0000017,Marlene Dietrich
nm0000018,Kirk Douglas
nm0000020,Henry Fonda
nm0000021,Joan Fontaine
nm0000022,Clark Gable
nm0000023,Judy Garland
nm0000024,John Gielgud
nm0000026,Cary Grant
nm0000027,Alec Guinness
nm0000032,Charlton Heston
nm0000034,William Holden
nm0000036,Buster Keaton
nm0000037,Gene Kelly
nm0000038,Grace Kelly
nm0000044,Burt Lancaster
nm0000046,Vivien Leigh
nm0000048,Peter Lorre
nm0000051,James Mason
nm0000052,Marcello Mastroianni
nm0000054,Marilyn Monroe
nm0000056,Paul Newman
nm0000058,Maureen O'Hara
nm0000059,Laurence Olivier
nm0000060,Gregory Peck
nm0000061,Tyrone Power
nm0000063,Anthony Quinn
nm0000064,Edward G. Robinson
nm0000071,James Stewart
nm0000075,Spencer Tracy
nm0000080,Orson Welles
nm0000092,John Cleese
nm0000093,Brad Pitt
nm0000095,Woody Allen
nm0000098,Jennifer Aniston
nm0000099,Patricia Arquette
nm0000100,Rowan Atkinson
nm0000101,Dan Aykroyd
nm0000102,Kevin Bacon
nm0000103,Fairuza Balk
nm0000104,Antonio Banderas
nm0000106,Drew Barrymore
nm0000107,Kim Basinger
nm0000110,Kenneth Branagh
nm0000111,Matthew Broderick
nm0000112,Pierce Brosnan
nm0000113,Sandra Bullock
nm0000114,Steve Buscemi
nm0000115,Nicolas Cage
nm0000117,Neve Campbell
nm0000119,Tia Carrere
nm0000120,Jim Carrey
nm0000121,Phoebe Cates
nm0000122,Charles Chaplin
nm0000123,George Clooney
nm0000124,Jennifer Connelly
nm0000125,Sean Connery
nm0000126,Kevin Costner
nm0000128,Russell Crowe
nm0000129,Tom Cruise
nm0000130,Jamie Lee Curtis
nm0000131,John Cusack
nm0000132,Claire Danes
nm0000133,Geena Davis
nm0000134,Robert De Niro
nm0000136,Johnny Depp
nm0000137,Bo Derek
nm0000138,Leonardo DiCaprio
nm0000139,Cameron Diaz
nm0000140,Michael Douglas
nm0000141,David Duchovny
nm0000142,Clint Eastwood
nm0000143,Erika Eleniak
nm0000144,Cary Elwes
nm0000145,Sherilyn Fenn
nm0000146,Ralph Fiennes
nm0000147,Colin Firth
nm0000148,Harrison Ford
nm0000149,Jodie Foster
nm0000150,Michael J. Fox
nm0000151,Morgan Freeman
nm0000152,Richard Gere
nm0000153,Gina Gershon
nm0000154,Mel Gibson
nm0000155,Whoopi Goldberg
nm0000156,Jeff Goldblum
nm0000157,Linda Hamilton
nm0000158,Tom Hanks
nm0000159,Teri Hatcher
nm0000160,Ethan Hawke
nm0000161,Salma Hayek
nm0000162,Anne Heche
nm0000163,Dustin Hoffman
nm0000164,Anthony Hopkins
nm0000166,Helen Hunt
nm0000167,Elizabeth Hurley
nm0000168,Samuel L. Jackson
nm0000169,Tommy Lee Jones
nm0000170,Milla Jovovich
nm0000171,Ashley Judd
nm0000172,Harvey Keitel
nm0000173,Nicole Kidman
nm0000174,Val Kilmer
nm0000176,Nastassja Kinski
nm0000177,Kevin Kline
nm0000178,Diane Lane
nm0000179,Jude Law
nm0000182,Jennifer Lopez
nm0000185,Dolph Lundgren
nm0000187,Madonna
nm0000188,Steve Martin
nm0000190,Matthew McConaughey
nm0000191,Ewan McGregor
nm0000193,Demi Moore
nm0000194,Julianne Moore
nm0000195,Bill Murray
nm0000196,Mike Myers
nm0000197,Jack Nicholson
nm0000198,Gary Oldman
nm0000199,Al Pacino
nm0000200,Bill Paxton
nm0000201,Michelle Pfeiffer
nm0000202,Ryan Phillippe
nm0000203,River Phoenix
nm0000204,Natalie Portman
nm0000205,Parker Posey
nm0000206,Keanu Reeves
nm0000207,Christina Ricci
nm0000209,Tim Robbins
nm0000210,Julia Roberts
nm0000211,Mimi Rogers
nm0000212,Meg Ryan
nm0000213,Winona Ryder
nm0000214,Mia Sara
nm0000215,Susan Sarandon
nm0000216,Arnold Schwarzenegger
nm0000218,Kristin Scott Thomas
nm0000219,Steven Seagal
nm0000221,Charlie Sheen
nm0000223,Elisabeth Shue
nm0000224,Alicia Silverstone
nm0000225,Christian Slater
nm0000226,Will Smith
nm0000227,Mira Sorvino
nm0000228,Kevin Spacey
nm0000230,Sylvester Stallone
nm0000232,Sharon Stone
nm0000233,Quentin Tarantino
nm0000234,Charlize Theron
nm0000235,Uma Thurman
nm0000236,Jennifer Tilly
nm0000237,John Travolta
nm0000239,Liv Tyler
nm0000240,Skeet Ulrich
nm0000241,Jean-Claude Van Damme
nm0000242,Mark Wahlberg
nm0000243,Denzel Washington
nm0000244,Sigourney Weaver
nm0000245,Robin Williams
nm0000246,Bruce Willis
nm0000249,James Woods
nm0000250,Renée Zellweger
nm0000255,Ben Affleck
nm0000256,Jenny Agutter
nm0000257,Alan Alda
nm0000260,Joan Allen
nm0000261,Karen Allen
nm0000262,Nancy Allen
nm0000263,Kirstie Alley
nm0000267,Julie Andrews
nm0000268,Ann-Margret
nm0000270,Gabrielle Anwar
nm0000271,Anne Archer
nm0000273,Alan Arkin
nm0000274,David Arquette
nm0000275,Rosanna Arquette
nm0000276,Sean Astin
nm0000277,Richard Attenborough
nm0000279,Hank Azaria
nm0000284,Adam Baldwin
nm0000285,Alec Baldwin
nm0000286,Stephen Baldwin
nm0000287,William Baldwin
nm0000288,Christian Bale
nm0000289,Ellen Barkin
nm0000291,Angela Bassett
nm0000293,Sean Bean
nm0000295,Kate Beckinsale
nm0000297,Tom Berenger
nm0000298,Candice Bergen
nm0000299,Michael Biehn
nm0000300,Juliette Binoche
nm0000301,Thora Birch
nm0000306,Brian Blessed
nm0000307,Helena Bonham Carter
nm0000310,Bruce Boxleitner
nm0000312,Amy Brenneman
nm0000313,Jeff Bridges
nm0000314,Charles Bronson
nm0000321,Gabriel Byrne
nm0000322,Emmanuelle Béart
nm0000323,Michael Caine
nm0000326,Kim Cattrall
nm0000327,Lacey Chabert
nm0000329,Jackie Chan
nm0000330,Stockard Channing
nm0000331,Chevy Chase
nm0000332,Don Cheadle
nm0000333,Cher
nm0000334,Chow Yun-Fat
nm0000335,Glenn Close
nm0000336,James Coburn
nm0000337,Rachael Leigh Cook
nm0000342,James Cromwell
nm0000345,Billy Crystal
nm0000346,Macaulay Culkin
nm0000348,Tony Curtis
nm0000349,Joan Cusack
nm0000350,Beverly D'Angelo
nm0000352,Vincent D'Onofrio
nm0000353,Willem Dafoe
nm0000354,Matt Damon
nm0000357,Lolita Davidovich
nm0000358,Daniel Day-Lewis
nm0000360,Rebecca De Mornay
nm0000362,Danny DeVito
nm0000365,Julie Delpy
nm0000367,Gérard Depardieu
nm0000368,Laura Dern
nm0000369,Matt Dillon
nm0000372,Amanda Donohoe
nm0000375,Robert Downey Jr.
nm0000377,Richard Dreyfuss
nm0000378,Minnie Driver
nm0000379,Kirsten Dunst
nm0000380,Robert Duvall
nm0000381,Anthony Edwards
nm0000383,Jennifer Ehle
nm0000384,Danny Elfman
nm0000385,Sam Elliott
nm0000388,R. Lee Ermey
nm0000389,Emilio Estevez
nm0000391,Rupert Everett
nm0000394,Chris Farley
nm0000397,Corey Feldman
nm0000398,Sally Field
nm0000400,Linda Fiorentino
nm0000401,Laurence Fishburne
nm0000402,Carrie Fisher
nm0000403,Bridget Fonda
nm0000404,Jane Fonda
nm0000408,Jonathan Frakes
nm0000409,Brendan Fraser
nm0000411,Edward Furlong
nm0000412,Andy Garcia
nm0000413,Janeane Garofalo
nm0000415,Jami Gertz
nm0000416,Terry Gilliam
nm0000417,Crispin Glover
nm0000418,Danny Glover
nm0000420,Valeria Golino
nm0000421,Cuba Gooding Jr.
nm0000422,John Goodman
nm0000424,Hugh Grant
nm0000427,Pam Grier
nm0000429,Melanie Griffith
nm0000430,Steve Guttenberg
nm0000432,Gene Hackman
nm0000434,Mark Hamill
nm0000435,Daryl Hannah
nm0000437,Woody Harrelson
nm0000438,Ed Harris
nm0000439,Neil Patrick Harris
nm0000442,Rutger Hauer
nm0000443,Goldie Hawn
nm0000445,Dan Hedaya
nm0000448,Lance Henriksen
nm0000449,Natasha Henstridge
nm0000450,Philip Seymour Hoffman
nm0000451,Gaby Hoffmann
nm0000452,Lauren Holly
nm0000453,Ian Holm
nm0000454,Dennis Hopper
nm0000456,Holly Hunter
nm0000457,John Hurt
nm0000458,William Hurt
nm0000459,Timothy Hutton
nm0000460,Jeremy Irons
nm0000461,Michael Ironside
nm0000463,Famke Janssen
nm0000467,Don Johnson
nm0000469,James Earl Jones
nm0000470,Jeffrey Jones
nm0000471,Raul Julia
nm0000473,Diane Keaton
nm0000474,Michael Keaton
nm0000478,Tawny Kitaen
nm0000480,Elias Koteas
nm0000481,Alice Krige
nm0000483,Christopher Lambert
nm0000488,Brandon Lee
nm0000489,Christopher Lee
nm0000490,Spike Lee
nm0000491,John Leguizamo
nm0000492,Jennifer Jason Leigh
nm0000493,Jack Lemmon
nm0000494,Robert Sean Leonard
nm0000495,Téa Leoni
nm0000496,Juliette Lewis
nm0000497,Jennifer Lien
nm0000498,Matthew Lillard
nm0000501,Ray Liotta
nm0000502,Christopher Lloyd
nm0000504,Amy Locane
nm0000505,Nia Long
nm0000506,Julia Louis-Dreyfus
nm0000507,Rob Lowe
nm0000510,Andie MacDowell
nm0000511,Shirley MacLaine
nm0000512,Elle Macpherson
nm0000513,William H. Macy
nm0000514,Michael Madsen
nm0000515,Virginia Madsen
nm0000518,John Malkovich
nm0000521,Sophie Marceau
nm0000524,Mary Stuart Masterson
nm0000525,Heather Matarazzo
nm0000526,Samantha Mathis
nm0000527,Walter Matthau
nm0000529,Debi Mazar
nm0000531,Frances McDormand
nm0000532,Malcolm McDowell
nm0000535,Rose McGowan
nm0000537,Steve McQueen
nm0000538,Colm Meaney
nm0000539,Dina Meyer
nm0000541,Bette Midler
nm0000542,Penelope Ann Miller
nm0000545,Helen Mirren
nm0000546,Matthew Modine
nm0000547,Alfred Molina
nm0000551,Dermot Mulroney
nm0000552,Eddie Murphy
nm0000553,Liam Neeson
nm0000554,Sam Neill
nm0000559,Leonard Nimoy
nm0000560,Nick Nolte
nm0000562,Jeremy Northam
nm0000563,Chris O'Donnell
nm0000564,Peter O'Toole
nm0000566,Julia Ormond
nm0000569,Gwyneth Paltrow
nm0000571,Mary-Louise Parker
nm0000572,Sarah Jessica Parker
nm0000574,Jason Patric
nm0000576,Sean Penn
nm0000578,Anthony Perkins
nm0000579,Ron Perlman
nm0000582,Joe Pesci
nm0000586,Jada Pinkett Smith
nm0000592,Pete Postlethwaite
nm0000593,Kelly Preston
nm0000596,Jonathan Pryce
nm0000597,Bill Pullman
nm0000598,Dennis Quaid
nm0000599,Kathleen Quinlan
nm0000602,Robert Redford
nm0000603,Vanessa Redgrave
nm0000604,John C. Reilly
nm0000606,Jean Reno
nm0000607,Paul Reubens
nm0000608,Burt Reynolds
nm0000609,Ving Rhames
nm0000610,Giovanni Ribisi
nm0000612,Denise Richards
nm0000613,Joely Richardson
nm0000614,Alan Rickman
nm0000615,John Ritter
nm0000618,Isabella Rossellini
nm0000619,Tim Roth
nm0000620,Mickey Rourke
nm0000621,Kurt Russell
nm0000623,Rene Russo
nm0000624,Laura San Giacomo
nm0000627,Greta Scacchi
nm0000630,Liev Schreiber
nm0000632,Jerry Seinfeld
nm0000633,Tom Selleck
nm0000634,Peter Sellers
nm0000637,Tupac Shakur
nm0000638,William Shatner
nm0000639,Ally Sheedy
nm0000640,Martin Sheen
nm0000641,Gary Sinise
nm0000643,Tom Skerritt
nm0000648,Wesley Snipes
nm0000651,Sissy Spacek
nm0000652,James Spader
nm0000653,Brent Spiner
nm0000654,Terence Stamp
nm0000655,Eric Stoltz
nm0000656,Madeleine Stowe
nm0000657,David Strathairn
nm0000658,Meryl Streep
nm0000661,Donald Sutherland
nm0000662,Kiefer Sutherland
nm0000663,Dominique Swain
nm0000664,Patrick Swayze
nm0000665,D.B. Sweeney
nm0000666,Lili Taylor
nm0000667,David Thewlis
nm0000668,Emma Thompson
nm0000670,Lea Thompson
nm0000671,Billy Bob Thornton
nm0000673,Marisa Tomei
nm0000675,Jeanne Tripplehorn
nm0000676,Chris Tucker
nm0000677,Robin Tunney
nm0000678,Kathleen Turner
nm0000679,Deborah Kara Unger
nm0000680,Casper Van Dien
nm0000681,Vince Vaughn
nm0000683,Gore Vidal
nm0000685,Jon Voight
nm0000686,Christopher Walken
nm0000687,J.T. Walsh
nm0000688,Sela Ward
nm0000689,Julie Warner
nm0000690,Lesley Ann Warren
nm0000693,Peter Weller
nm0000696,Wil Wheaton
nm0000699,Michael Wincott
nm0000701,Kate Winslet
nm0000702,Reese Witherspoon
nm0000703,BD Wong
nm0000704,Elijah Wood
nm0000705,Robin Wright
nm0000706,Michelle Yeoh
nm0000707,Sean Young
nm0000708,Billy Zane
nm0000718,Ian Abercrombie
nm0000719,F. Murray Abraham
nm0000722,Joss Ackland
nm0000725,Joey Lauren Adams
nm0000729,Casey Affleck
nm0000732,Danny Aiello
nm0000733,Anouk Aimée
nm0000741,Tim Allen
nm0000746,Trini Alvarado
nm0000749,Mädchen Amick
nm0000752,Judith Anderson
nm0000754,Kevin Anderson
nm0000761,Bibi Andersson
nm0000763,Dana Andrews
nm0000775,Christina Applegate
nm0000792,Tom Arnold
nm0000795,Jean Arthur
nm0000796,Dana Ashbrook
nm0000798,Linden Ashby
nm0000799,Edward Asner
nm0000800,Armand Assante
nm0000802,Mary Astor
nm0000832,Diane Baker
nm0000842,Martin Balsam
nm0000843,Anne Bancroft
nm0000849,Javier Bardem
nm0000859,Lionel Barrymore
nm0000867,Jason Bateman
nm0000870,Kathy Bates
nm0000871,Randall Batinkoff
nm0000873,Belinda Bauer
nm0000874,Steven Bauer
nm0000879,Anne Baxter
nm0000885,Ned Beatty
nm0000886,Warren Beatty
nm0000889,Bonnie Bedelia
nm0000895,Barbara Bel Geddes
nm0000899,Monica Bellucci
nm0000902,Jim Belushi
nm0000905,Roberto Benigni
nm0000906,Annette Bening
nm0000913,Robby Benson
nm0000920,Patrick Bergin
nm0000924,Elizabeth Berkley
nm0000929,Corbin Bernsen
nm0000931,Elizabeth Berridge
nm0000932,Halle Berry
nm0000949,Cate Blanchett
nm0000950,Brenda Blethyn
nm0000956,Lisa Bonet
nm0000963,Stephen Boyd
nm0000966,Lorraine Bracco
nm0000969,Lillo Brancato
nm0000971,Nicoletta Braschi
nm0000973,Benjamin Bratt
nm0000977,Beau Bridges
nm0000978,Lloyd Bridges
nm0000979,Wilford Brimley
nm0000980,Jim Broadbent
nm0000982,Josh Brolin
nm0000983,Albert Brooks
nm0000995,Ellen Burstyn
nm0000996,LeVar Burton
nm0000997,Gary Busey
nm0000998,Jake Busey
nm0001001,James Caan
nm0001003,Simon Callow
nm0001004,Billy Campbell
nm0001006,John Candy
nm0001012,Claudia Cardinale
nm0001015,Robert Carlyle
nm0001016,David Carradine
nm0001017,John Carradine
nm0001021,Veronica Cartwright
nm0001022,Dana Carvey
nm0001025,Seymour Cassel
nm0001026,Joanna Cassidy
nm0001028,Maxwell Caulfield
nm0001029,Jim Caviezel
nm0001030,John Cazale
nm0001036,Geraldine Chaplin
nm0001037,Graham Chapman
nm0001038,Josh Charles
nm0001041,Maggie Cheung
nm0001043,Anna Chlumsky
nm0001046,Julie Christie
nm0001055,Claudette Colbert
nm0001057,Toni Collette
nm0001065,Harry Connick Jr.
nm0001067,Jackie Coogan
nm0001069,Bud Cort
nm0001072,Joseph Cotten
nm0001073,Courteney Cox
nm0001074,Ronny Cox
nm0001075,Peter Coyote
nm0001079,Scatman Crothers
nm0001080,Lindsay Crouse
nm0001082,Billy Crudup
nm0001084,Ice Cube
nm0001085,Kieran Culkin
nm0001086,Alan Cumming
nm0001089,Henry Czerny
nm0001096,Timothy Dalton
nm0001097,Charles Dance
nm0001098,Rodney Dangerfield
nm0001099,Jeff Daniels
nm0001100,Blythe Danner
nm0001101,Ted Danson
nm0001107,Stacey Dash
nm0001109,Jaye Davidson
nm0001110,Embeth Davidtz
nm0001111,Jeremy Davies
nm0001114,Judy Davis
nm0001115,Ossie Davis
nm0001122,Ellen DeGeneres
nm0001125,Benicio Del Toro
nm0001127,Dana Delany
nm0001131,Patrick Dempsey
nm0001132,Judi Dench
nm0001133,Brian Dennehy
nm0001136,Bruce Dern
nm0001150,James Doohan
nm0001151,Stephen Dorff
nm0001156,Olympia Dukakis
nm0001158,Keir Dullea
nm0001159,Faye Dunaway
nm0001164,Charles Durning
nm0001165,Charles S. Dutton
nm0001167,Shelley Duvall
nm0001169,George Dzundza
nm0001172,Christopher Eccleston
nm0001173,Aaron Eckhart
nm0001182,Carmen Electra
nm0001184,Jenna Elfman
nm0001185,Hector Elizondo
nm0001186,Denholm Elliott
nm0001187,Noah Emmerich
nm0001191,Adam Sandler
nm0001208,Miguel Ferrer
nm0001209,William Fichtner
nm0001210,Chelsea Field
nm0001212,Joseph Fiennes
nm0001213,Harvey Fierstein
nm0001215,Albert Finney
nm0001216,Tara Fitzgerald
nm0001217,Fionnula Flanagan
nm0001218,Sean Patrick Flanery
nm0001221,Louise Fletcher
nm0001223,Lara Flynn Boyle
nm0001231,Claire Forlani
nm0001233,Robert Forster
nm0001250,Charlotte Gainsbourg
nm0001251,Peter Gallagher
nm0001253,Mason Gamble
nm0001254,James Gandolfini
nm0001255,Victor Garber
nm0001258,James Garner
nm0001260,John Gavin
nm0001261,Rebecca Gayheart
nm0001262,Ben Gazzara
nm0001264,Sarah Michelle Gellar
nm0001267,Balthazar Getty
nm0001272,Annabeth Gish
nm0001277,Scott Glenn
nm0001282,Tony Goldwyn
nm0001287,Heather Graham
nm0001288,Kelsey Grammer
nm0001291,Rupert Graves
nm0001293,Seth Green
nm0001295,Graham Greene
nm0001301,Charles Grodin
nm0001302,Christopher Guest
nm0001303,Carla Gugino
nm0001305,Lukas Haas
nm0001309,Anthony Michael Hall
nm0001310,Kevin Peter Hall
nm0001311,Philip Baker Hall
nm0001314,John Hannah
nm0001315,Marcia Gay Harden
nm0001319,Mark Harmon
nm0001321,Richard Harris
nm0001326,Josh Hartnett
nm0001327,David Hasselhoff
nm0001329,Nigel Hawthorne
nm0001330,Sterling Hayden
nm0001334,John Heard
nm0001337,Katherine Heigl
nm0001343,Carrie Henn
nm0001346,Edward Herrmann
nm0001347,Barbara Hershey
nm0001348,Werner Herzog
nm0001349,Jennifer Love Hewitt
nm0001354,Ciarán Hinds
nm0001358,Hal Holbrook
nm0001364,Bob Hoskins
nm0001365,Whitney Houston
nm0001368,Ernie Hudson
nm0001371,Tom Hulce
nm0001372,Bonnie Hunt
nm0001373,Linda Hunt
nm0001378,Anjelica Huston
nm0001379,John Huston
nm0001383,David Hyde Pierce
nm0001384,Ice-T
nm0001385,Eric Idle
nm0001393,Irène Jacob
nm0001394,Derek Jacobi
nm0001401,Angelina Jolie
nm0001404,Madeline Kahn
nm0001406,Carol Kane
nm0001413,Julie Kavner
nm0001416,Catherine Keener
nm0001420,DeForest Kelley
nm0001421,George Kennedy
nm0001426,Ben Kingsley
nm0001427,Greg Kinnear
nm0001431,Wayne Knight
nm0001432,Charlie Korsmo
nm0001434,Kris Kristofferson
nm0001435,Lisa Kudrow
nm0001439,Anthony LaPaglia
nm0001440,Cheryl Ladd
nm0001442,Ricki Lake
nm0001445,Martin Landau
nm0001447,Nathan Lane
nm0001448,Jessica Lange
nm0001449,Frank Langella
nm0001450,Angela Lansbury
nm0001451,Queen Latifah
nm0001452,Charles Laughton
nm0001454,Martin Lawrence
nm0001455,Matt LeBlanc
nm0001456,Kelly LeBrock
nm0001459,Denis Leary
nm0001462,Jason Scott Lee
nm0001463,Janet Leigh
nm0001467,Jared Leto
nm0001473,Laura Linney
nm0001474,Tom Lister Jr.
nm0001475,John Lithgow
nm0001484,Jon Lovitz
nm0001485,Myrna Loy
nm0001488,Kelly Lynch
nm0001491,Melanie Lynskey
nm0001492,Kyle MacLachlan
nm0001493,Peter MacNicol
nm0001494,Ralph Macchio
nm0001497,Tobey Maguire
nm0001498,John Mahoney
nm0001499,Tina Majorino
nm0001500,Karl Malden
nm0001505,Joe Mantegna
nm0001506,Jane March
nm0001507,Cheech Marin
nm0001510,Strother Martin
nm0001512,Mary Elizabeth Mastrantonio
nm0001513,Tim Matheson
nm0001515,Joseph Mazzello
nm0001518,Dylan McDermott
nm0001520,Christopher McDonald
nm0001521,Mary McDonnell
nm0001523,Natascha McElhone
nm0001524,Paul McGann
nm0001526,Patrick McGoohan
nm0001527,Elizabeth McGovern
nm0001533,Meat Loaf
nm0001536,Toshirô Mifune
nm0001537,Ray Milland
nm0001538,Jonny Lee Miller
nm0001542,Jay Mohr
nm0001547,Agnes Moorehead
nm0001548,Rick Moranis
nm0001550,Cathy Moriarty
nm0001556,David Morse
nm0001557,Viggo Mortensen
nm0001562,Kathy Najimy
nm0001567,Connie Nielsen
nm0001570,Edward Norton
nm0001571,Kim Novak
nm0001573,Catherine O'Hara
nm0001574,Michael O'Keefe
nm0001575,Tatum O'Neal
nm0001579,Edward James Olmos
nm0001580,Ashley Olsen
nm0001581,Mary-Kate Olsen
nm0001584,Miranda Otto
nm0001588,Jack Palance
nm0001589,Michael Palin
nm0001590,Chazz Palminteri
nm0001592,Joe Pantoliano
nm0001593,Anna Paquin
nm0001594,Anne Parillaud
nm0001595,Michael Paré
nm0001597,Mandy Patinkin
nm0001598,Robert Patrick
nm0001599,Will Patton
nm0001602,Guy Pearce
nm0001605,Amanda Peet
nm0001606,Chris Penn
nm0001608,Barry Pepper
nm0001609,Rosie Perez
nm0001610,Elizabeth Perkins
nm0001612,Matthew Perry
nm0001614,Lori Petty
nm0001615,Elizabeth Peña
nm0001616,Mekhi Phifer
nm0001618,Joaquin Phoenix
nm0001623,Maria Pitillo
nm0001624,Oliver Platt
nm0001626,Christopher Plummer
nm0001628,Sydney Pollack
nm0001629,Kevin Pollak
nm0001631,Sarah Polley
nm0001632,Teri Polo
nm0001634,CCH Pounder
nm0001638,Jürgen Prochnow
nm0001642,Randy Quaid
nm0001644,Aidan Quinn
nm0001647,Claude Rains
nm0001652,John Ratzenberger
nm0001653,Stephen Rea
nm0001655,Lynn Redgrave
nm0001656,Donna Reed
nm0001657,Oliver Reed
nm0001659,Christopher Reeve
nm0001662,Judge Reinhold
nm0001663,Paul Reiser
nm0001666,Debbie Reynolds
nm0001667,Jonathan Rhys Meyers
nm0001669,Miranda Richardson
nm0001670,Natasha Richardson
nm0001673,Jason Robards
nm0001674,Chris Rock
nm0001684,Katharine Ross
nm0001687,Gena Rowlands
nm0001691,Geoffrey Rush
nm0001693,Eva Marie Saint
nm0001695,George Sanders
nm0001696,Julian Sands
nm0001697,Chris Sarandon
nm0001698,John Savage
nm0001701,Devon Sawa
nm0001702,Roy Scheider
nm0001705,Rob Schneider
nm0001706,Michael Schoeffling
nm0001710,David Schwimmer
nm0001711,Annabella Sciorra
nm0001713,Izabella Scorupco
nm0001715,George C. Scott
nm0001718,Kyra Sedgwick
nm0001721,Chloë Sevigny
nm0001722,Rufus Sewell
nm0001724,Tony Shalhoub
nm0001727,Robert Shaw
nm0001729,Craig Sheffer
nm0001732,Cybill Shepherd
nm0001735,Talia Shire
nm0001737,Martin Short
nm0001744,Tom Sizemore
nm0001745,Stellan Skarsgård
nm0001747,Charles Martin Smith
nm0001748,Kurtwood Smith
nm0001749,Maggie Smith
nm0001758,Timothy Spall
nm0001759,Vincent Spano
nm0001763,Nick Stahl
nm0001765,Harry Dean Stanton
nm0001766,Barbara Stanwyck
nm0001768,Rod Steiger
nm0001772,Patrick Stewart
nm0001774,Ben Stiller
nm0001777,Dean Stockwell
nm0001778,Matt Stone
nm0001780,Peter Stormare
nm0001785,Kristy Swanson
nm0001787,Jeffrey Tambor
nm0001788,Jessica Tandy
nm0001795,Jonathan Taylor Thomas
nm0001797,Rachel Ticotin
nm0001800,Rip Torn
nm0001802,Nancy Travis
nm0001803,Danny Trejo
nm0001804,Stanley Tucci
nm0001806,John Turturro
nm0001808,Tracey Ullman
nm0001812,Lee Van Cleef
nm0001813,Dick Van Dyke
nm0001815,Jim Varney
nm0001817,Reginald VelJohnson
nm0001822,Robert Wagner
nm0001824,Ally Walker
nm0001825,Andrew Kevin Walker
nm0001826,M. Emmet Walsh
nm0001827,Ray Walston
nm0001828,Melora Walters
nm0001831,David Warner
nm0001832,Sam Waterston
nm0001833,Emily Watson
nm0001834,Damon Wayans
nm0001835,Carl Weathers
nm0001838,Rachel Weisz
nm0001840,Ming-Na Wen
nm0001844,Frank Whaley
nm0001845,Forest Whitaker
nm0001847,Richard Widmark
nm0001848,Dianne Wiest
nm0001850,Billy Dee Williams
nm0001851,JoBeth Williams
nm0001852,Treat Williams
nm0001854,Rita Wilson
nm0001855,Tom Wilson
nm0001856,Oprah Winfrey
nm0001857,Henry Winkler
nm0001860,Alicia Witt
nm0001865,Amy Yasbeck
nm0001868,Michael York
nm0001872,Steve Zahn
nm0001876,Catherine Zeta-Jones
nm0001884,Max von Sydow
nm0001943,Marisa Berenson
nm0001952,Rubén Blades
nm0001961,Ray Bolger
nm0001963,Jesse Borrego
nm0001967,Peter Boyle
nm0001971,Ewen Bremner
nm0001993,Vincent Cassel
nm0001999,Maury Chaykin
nm0002006,Thomas Haden Church
nm0002011,Lee J. Cobb
nm0002023,Matt Craven
nm0002034,Jane Darwell
nm0002056,Christine Ebersole
nm0002062,Kathryn Erbe
nm0002064,Giancarlo Esposito
nm0002070,Richard Farnsworth
nm0002071,Will Ferrell
nm0002075,Peter Finch
nm0002076,Jason Flemyng
nm0002077,Dexter Fletcher
nm0002078,Frederic Forrest
nm0002090,Zach Galligan
nm0002091,Michael Gambon
nm0002103,Julian Glover
nm0002104,Paulette Goddard
nm0002110,Rodney A. Grant
nm0002128,Tess Harper
nm0002134,Paul Henreid
nm0002138,Gregory Hines
nm0002141,Celeste Holm
nm0002145,Trevor Howard
nm0002154,Alfred Abel
nm0002231,Gian Maria Volontè
nm0002233,Erich von Stroheim
nm0002369,John Williams
nm0002436,Shannon Elizabeth
nm0002536,Emmy Rossum
nm0003044,Michael Jordan
nm0003069,James DuMont
nm0003244,Jordi Mollà
nm0003424,Hank Mann
nm0003817,Michael Clarke Duncan
nm0003870,Marilyn Ghigliotti
nm0004051,Brian Cox
nm0004266,Anne Hathaway
nm0004376,Franka Potente
nm0004395,Adam Scott
nm0004423,Gerry Robert Byrne
nm0004462,Jean-Louis Trintignant
nm0004486,Bruno Ganz
nm0004517,Jason Alexander
nm0004569,Sanjay Dutt
nm0004692,Mark Addy
nm0004695,Jessica Alba
nm0004715,Will Arnett
nm0004742,Maria Bello
nm0004747,Wes Bentley
nm0004748,Julie Benz
nm0004753,Leslie Bibb
nm0004754,Jessica Biel
nm0004755,Jason Biggs
nm0004757,Selma Blair
nm0004778,Adrien Brody
nm0004787,Saffron Burrows
nm0004789,Amanda Bynes
nm0004794,Glen Campbell
nm0004797,Bruno Campos
nm0004802,Linda Cardellini
nm0004815,Christine Cavanaugh
nm0004821,Michael Chiklis
nm0004825,Emmanuelle Chriqui
nm0004829,Spencer Treat Clark
nm0004851,Penélope Cruz
nm0004862,Kristin Davis
nm0004866,Amanda De Cadenet
nm0004874,Vin Diesel
nm0004875,Taye Diggs
nm0004883,Tate Donovan
nm0004886,Bill Duke
nm0004896,Eminem
nm0004898,Omar Epps
nm0004906,Peter Facinelli
nm0004922,Schuyler Fisk
nm0004929,David Foley
nm0004936,Ben Foster
nm0004937,Jamie Foxx
nm0004950,Jennifer Garner
nm0004951,Brad Garrett
nm0004960,Sara Gilbert
nm0004965,Adam Goldberg
nm0004978,Adrian Grenier
nm0004988,Colin Hanks
nm0004989,Alyson Hannigan
nm0004993,Desmond Harrington
nm0005006,Elaine Hendrix
nm0005009,Laura Harring
nm0005013,Iben Hjejle
nm0005023,Djimon Hounsou
nm0005024,Terrence Howard
nm0005026,Kelly Hu
nm0005028,Kate Hudson
nm0005042,Jason Isaacs
nm0005048,Thomas Jane
nm0005049,Allison Janney
nm0005052,Michael Jeter
nm0005068,Vinnie Jones
nm0005078,Stacy Keach
nm0005093,Regina King
nm0005098,Chris Klein
nm0005109,Mila Kunis
nm0005110,Ashton Kutcher
nm0005112,LL Cool J
nm0005123,Ali Larter
nm0005125,Sanaa Lathan
nm0005132,Heath Ledger
nm0005134,Jason Lee
nm0005148,Delroy Lindo
nm0005151,Jonathan Lipnicki
nm0005154,Lucy Liu
nm0005156,Eric Lloyd
nm0005157,Jake Lloyd
nm0005159,Tone Loc
nm0005170,Bernie Mac
nm0005171,Angus Macfadyen
nm0005177,Howie Mandel
nm0005182,Leslie Mann
nm0005188,James Marsden
nm0005210,Tim McGraw
nm0005212,Ian McKellen
nm0005216,Janet McTeer
nm0005227,Breckin Meyer
nm0005231,Dash Mihok
nm0005251,Carrie-Anne Moss
nm0005256,Bridget Moynahan
nm0005261,Brittany Murphy
nm0005265,Kevin Nealon
nm0005266,Craig T. Nelson
nm0005272,Thomas Ian Nicholas
nm0005273,Alessandro Nivola
nm0005278,Jerry O'Connell
nm0005280,Rosie O'Donnell
nm0005283,Jacqueline Obradors
nm0005286,Haley Joel Osment
nm0005295,Trey Parker
nm0005299,Sarah Paulson
nm0005300,Allen Payne
nm0005305,Piper Perabo
nm0005311,Busy Philipps
nm0005312,Gina Philips
nm0005315,Jeremy Piven
nm0005321,Monica Potter
nm0005326,Jaime Pressly
nm0005327,Freddie Prinze Jr.
nm0005337,Theresa Randle
nm0005342,Norman Reedus
nm0005351,Ryan Reynolds
nm0005377,Sam Rockwell
nm0005380,Ray Romano
nm0005392,Keri Russell
nm0005403,Jason Schwartzman
nm0005404,Rusty Schwimmer
nm0005405,Seann William Scott
nm0005406,William Lee Scott
nm0005417,Lin Shaye
nm0005420,Marley Shelton
nm0005433,Jessica Simpson
nm0005435,Sinbad
nm0005438,Jeremy Sisto
nm0005442,Amy Smart
nm0005445,Kerr Smith
nm0005450,David Spade
nm0005454,Scott Speedman
nm0005458,Jason Statham
nm0005460,Mary Steenburgen
nm0005466,Julia Stiles
nm0005476,Hilary Swank
nm0005478,Larenz Tate
nm0005491,Maura Tierney
nm0005493,Justin Timberlake
nm0005497,Nicholle Tom
nm0005502,Michelle Trachtenberg
nm0005508,Janine Turner
nm0005513,Alanna Ubach
nm0005517,Gabrielle Union
nm0005520,Amber Valletta
nm0005524,Courtney B. Vance
nm0005533,Maitland Ward
nm0005540,Keenen Ivory Wayans
nm0005541,Marlon Wayans
nm0005561,Luke Wilson
nm0005562,Owen Wilson
nm0006471,Elsa Lanchester
nm0006535,Doug Hutchison
nm0006669,William Sadler
nm0006958,Jonathan Tucker
nm0006969,Elizabeth Banks
nm0006970,Patricia Belcher
nm0007102,Tabu
nm0007814,Hiam Abbass
nm0009016,Jon Abrahams
nm0009716,Kirk Acevedo
nm0009919,Antony Acker
nm0010736,Amy Adams
nm0010781,Brandon Quintin Adams
nm0011148,Lillian Adams
nm0011354,Shea Adams
nm0011478,Christopher Adamson
nm0012523,Scott Adsit
nm0013037,Shohreh Aghdashloo
nm0013932,Michael Aherne
nm0014582,Liam Aiken
nm0015196,Malin Akerman
nm0015382,Adewale Akinnuoye-Agbaje
nm0015677,Hudhail Al-Amir
nm0016141,Carlos Alazraqui
nm0016852,Francesc Albiol
nm0017519,Don Alder
nm0018515,John Alexander
nm0020897,Penelope Allen
nm0021835,Joaquim de Almeida
nm0022821,Elena Altieri
nm0023832,Mathieu Amalric
nm0024404,Lauren Ambrose
nm0024425,Tangie Ambrose
nm0025745,Elena Anaya
nm0026364,Anthony Anderson
nm0026879,Jeff Anderson
nm0027683,Harriet Andersson
nm0028625,David Andrews
nm0028690,Jason Andrews
nm0029264,Leif Andrée
nm0029502,Vanessa Angel
nm0032810,Julian Arahanga
nm0034309,Geoffrey Arend
nm0035087,Robert Arkins
nm0035514,Richard Armitage
nm0036427,Edward Arnold
nm0037410,Karina Arroyave
nm0038355,Tadanobu Asano
nm0038680,Ashanti
nm0038918,Kate Ashfield
nm0039678,Mark Aspinall
nm0040014,John Astin
nm0040472,William Atherton
nm0040586,Eileen Atkins
nm0040739,Jayne Atkinson
nm0041066,Antonella Attili
nm0042317,Albert Austin
nm0042998,Lloyd Avery II
nm0043704,Nicki Aycox
nm0044073,Lubna Azabal
nm0046112,Penn Badgley
nm0046575,Vladas Bagdonas
nm0047800,Beulah Bains
nm0047962,Chieko Baishô
nm0048075,Manoj Bajpayee
nm0048589,Joe Baker
nm0048798,Nellie Bly Baker
nm0050156,Eric Balfour
nm0050337,Angeline Ball
nm0050975,Timothy Balme
nm0051509,Eric Bana
nm0054653,Courtney Barilla
nm0056187,Sacha Baron Cohen
nm0056477,Byron Barr
nm0057221,Mark Barrett
nm0057363,Barbara Barrie
nm0058581,Justin Bartha
nm0059431,Jay Baruchel
nm0060221,Linda Bassett
nm0060931,Jeanne Bates
nm0060988,Michael Bates
nm0062844,Frances Bay
nm0065007,Demián Bichir
nm0065418,Gerry Becker
nm0068260,Jamie Bell
nm0068338,Kristen Bell
nm0070991,Pascal Benezech
nm0071059,Hubertus Bengsch
nm0071275,André 3000
nm0071636,Bruce Bennett
nm0072344,Abraham Benrubi
nm0074788,Henry Bergman
nm0074834,Mary Kay Bergman
nm0075359,Xander Berkeley
nm0075551,André Berley
nm0076204,Ed Bernard
nm0077397,Elizabeth Berrington
nm0077669,Sam Berry
nm0077720,Michael Berryman
nm0079048,Slobodan Bestic
nm0079273,Paul Bettany
nm0080049,Yasiin Bey
nm0080930,Edward Biby
nm0081572,Craig Bierko
nm0081759,Bam Bam Bigelow
nm0082517,John Billingsley
nm0083655,Gil Birmingham
nm0085038,Gunnar Björnstrand
nm0085312,Jack Black
nm0085400,Lewis Black
nm0085407,Lucas Black
nm0086379,Joseph Blaire
nm0088471,B.F. Blinn
nm0089217,Orlando Bloom
nm0090008,Stanley Blystone
nm0092961,Sarah Bolger
nm0094495,Jason Bonham
nm0095017,Hugh Bonneville
nm0095029,Lawrence A. Bonney
nm0095368,Sorrell Booke
nm0095478,Mark Boone Junior
nm0098378,Kate Bosworth
nm0100866,Julie Bowen
nm0100889,Michael Bowen
nm0101604,Sully Boyar
nm0101710,Billy Boyd
nm0102288,Lisa Boyle
nm0103038,Jesse Bradford
nm0103797,Alice Braga
nm0104393,Franco Branciaroli
nm0104526,Steven Brand
nm0105672,Andre Braugher
nm0106534,Jonathan Breck
nm0107748,Spencer Breslin
nm0108287,Jordana Brewster
nm0108703,Sean Bridgers
nm0109773,David Brisbin
nm0110480,Peter Brocco
nm0111013,Adam Brody
nm0111274,Shane Brolly
nm0111376,Eleanor Bron
nm0113595,Garrett M. Brown
nm0115161,Emily Browning
nm0115236,Mongo Brownlee
nm0117022,Zachery Ty Bryan
nm0117035,Adam Bryant
nm0117420,Andrew Bryniarski
nm0117709,Daniel Brühl
nm0118617,James Buckley
nm0119633,Michael Buie
nm0120494,Robert Z'Dar
nm0121605,Billy Burke
nm0122653,Edward Burns
nm0123553,Corey Burton
nm0123785,Ben Burtt
nm0124208,Sophia Bush
nm0124930,Gerard Butler
nm0125579,George Buza
nm0126004,Dan Byrd
nm0126284,Rose Byrne
nm0126743,Catherine Bégin
nm0130407,Joseph Calleia
nm0131966,Bill Camp
nm0132257,Bruce Campbell
nm0132685,Luenell
nm0133899,Guillaume Canet
nm0134072,Bobby Cannavale
nm0134073,Enzo Cannavale
nm0134201,J.D. Cannon
nm0134493,Giorgio Cantarini
nm0135102,Virginia Capers
nm0135221,Lizzy Caplan
nm0135584,Francis Capra
nm0135585,Freddy Rodríguez
nm0136794,Lianella Carell
nm0136797,Steve Carell
nm0138770,Art Carney
nm0141617,Finn Carter
nm0142972,Amira Casar
nm0145049,Enrique Castillo
nm0147070,Glen Cavender
nm0147147,Henry Cavill
nm0147605,Carlo Cecchi
nm0147825,Cedric The Entertainer
nm0148418,Michael Cera
nm0150362,Justin Chambers
nm0151250,Anna Chancellor
nm0151419,Kyle Chandler
nm0151540,Jay Chandrasekhar
nm0151654,Chang Chen
nm0152082,Damian Chapa
nm0153738,Daveigh Chase
nm0155693,Kristin Chenoweth
nm0156039,Virginia Cherrill
nm0156432,Tung Cho 'Joe' Cheung
nm0158856,Choi Min-sik
nm0159789,Hayden Christensen
nm0160004,Claudia Christian
nm0164809,Jason Clarke
nm0165049,Warren Clarke
nm0165101,Patricia Clarkson
nm0167028,Kristen Cloke
nm0167243,Véra Clouzot
nm0167388,François Cluzet
nm0167649,Kim Coates
nm0167850,Bill Cobbs
nm0168262,Rory Cochrane
nm0168918,Frederick Coffin
nm0169806,Taika Waititi
nm0170306,Stephen Colbert
nm0170550,Gary Cole
nm0171903,Eugene Collier
nm0173827,Dorothy Comingore
nm0174682,Chester Conklin
nm0175262,Billy Connolly
nm0175369,Walter Connolly
nm0175860,Rúaidhrí Conroy
nm0176073,Michael Constantine
nm0176861,Keith Coogan
nm0176869,Steve Coogan
nm0177396,Christian Cooke
nm0177639,Jennifer Coolidge
nm0177896,Bradley Cooper
nm0177933,Chris Cooper
nm0178875,Chris Coppola
nm0179173,John Corbett
nm0179819,Wendell Corey
nm0179960,Annie Corley
nm0180411,Abbie Cornish
nm0181425,Jesse Corti
nm0181920,James Cosmo
nm0182455,Paulo Costanzo
nm0182666,Nikolaj Coster-Waldau
nm0182839,Marion Cotillard
nm0184445,Allen Covert
nm0185272,Tony Cox
nm0185819,Daniel Craig
nm0186505,Bryan Cranston
nm0186677,Lorella Cravotta
nm0186761,Ellen Crawford
nm0187719,Terry Crews
nm0187724,Wendy Crewson
nm0188709,Neil Crone
nm0188949,Alison Crosbie
nm0189144,David Cross
nm0189200,Joseph Cross
nm0189278,T.J. Cross
nm0189887,Marie-Josée Croze
nm0190744,Marton Csokas
nm0191358,Rod Culbertson
nm0191407,Christian Culkin
nm0191412,Rory Culkin
nm0191950,Robert Cummings
nm0192377,Liam Cunningham
nm0193066,Don 'D.C.' Curry
nm0193295,Cliff Curtis
nm0193661,Sinéad Cusack
nm0193846,Elisha Cuthbert
nm0195439,James D'Arcy
nm0197647,James Badge Dale
nm0199006,Linh-Dan Pham
nm0199312,Eric Dane
nm0199590,Brittany Daniel
nm0199774,Isa Danieli
nm0199787,Henry Daniell
nm0200057,Phil Daniels
nm0200452,Paul Dano
nm0200601,Peter Dante
nm0201857,Ricardo Darín
nm0202603,Jack Davenport
nm0202966,Keith David
nm0205063,Lucy Davis
nm0205127,Matthew Davis
nm0205373,Rochelle Davis
nm0205423,Sammi Davis
nm0205569,Tom Davis
nm0205626,Viola Davis
nm0205772,Ken Davitian
nm0206257,Rosario Dawson
nm0206359,Charlie Day
nm0207498,Nicole de Boer
nm0211087,Emilie de Ravin
nm0213948,Guy Decomble
nm0214430,Eddie Deezen
nm0215025,Isabella Deiana
nm0217386,David Della Rocco
nm0221046,Zooey Deschanel
nm0221745,Natalie Dessay
nm0223518,Caroline Dhavernas
nm0223606,Tigmanshu Dhulia
nm0225483,Kate Dickie
nm0225767,Dawn Didawick
nm0225921,Juan Diego
nm0226820,Stephen Dillane
nm0228678,Andrew Divoff
nm0229930,Peter Dobson
nm0231283,John Doman
nm0231946,Heather Donahue
nm0233027,Martin Donovan
nm0233145,Alison Doody
nm0233562,David Dorfman
nm0234541,Roy Dotrice
nm0234668,Portia Doubleday
nm0234791,Doug E. Doug
nm0235342,Marie-Laure Dougnac
nm0236202,Nicholas Downs
nm0236495,Shawn Doyle
nm0236952,Larry Drake
nm0237065,Ashley Eckstein
nm0237237,Jamie Draven
nm0237835,Jean-Claude Dreyfus
nm0240381,Hilary Duff
nm0241049,Josh Duhamel
nm0242656,Kevin Dunn
nm0243355,Albert Dupontel
nm0243842,Giustino Durano
nm0244019,Marc Duret
nm0244151,Romain Duris
nm0244630,Eliza Dushku
nm0245112,Clea DuVall
nm0246386,Mélissa Désormeaux-Poulin
nm0248408,Emilio Echevarría
nm0248600,Andrea Eckert
nm0249291,Joel Edgerton
nm0250743,Susan Egan
nm0251986,Jesse Eisenberg
nm0252230,Chiwetel Ejiofor
nm0252345,Bengt Ekerot
nm0252961,Idris Elba
nm0253705,Christine Elise
nm0254402,Chris Elliott
nm0256121,Ethan Embry
nm0256890,Lena Endre
nm0257969,Mireille Enos
nm0258388,Louis Eppolito
nm0258402,Mike Epps
nm0262635,Chris Evans
nm0262968,Lee Evans
nm0263591,Rex Everhart
nm0263691,Corinna Everson
nm0263905,Katarina Ewerlöf
nm0264330,Maynard Eziashi
nm0265668,Donald Faison
nm0266029,Maria Falconetti
nm0266170,Lisanne Falk
nm0266824,Dakota Fanning
nm0267042,Golshifteh Farahani
nm0267506,Anna Faris
nm0267586,Linda Faye Farkas
nm0267650,Jim Farley
nm0267812,Vera Farmiga
nm0268199,Colin Farrell
nm0268488,Amir Farrokh Hashemian
nm0269463,Jon Favreau
nm0270073,Frédérique Feder
nm0270119,Luciano Federico
nm0272401,Craig Ferguson
nm0272521,Lynn Ferguson
nm0272581,Rebecca Ferguson
nm0274508,Tyra Ferrell
nm0275486,Tina Fey
nm0275835,John Fiedler
nm0276062,Todd Field
nm0277213,Nathan Fillion
nm0277975,Frank Finlay
nm0279545,Isla Fisher
nm0279557,Jasen Fisher
nm0280199,Christopher Fitzgerald
nm0280200,Ciarán Fitzgerald
nm0280559,Leo Fitzpatrick
nm0281424,James Fleet
nm0283945,Dan Fogler
nm0284158,Jeremy Foley
nm0284938,Patrick Fontana
nm0286331,Chaka Forman
nm0286335,David Forman
nm0288976,Emilia Fox
nm0289183,Paul Fox
nm0289656,James Frain
nm0290556,James Franco
nm0292528,Mark Frazer
nm0293422,J.E. Freeman
nm0293455,Jonathan Freeman
nm0293509,Martin Freeman
nm0293550,Paul Freeman
nm0293981,Alisa Freyndlikh
nm0295484,Anna Friel
nm0295506,Colin Friels
nm0296545,Nick Frost
nm0296546,Nika Futterman
nm0297054,Gustav Fröhlich
nm0297083,Ewa Fröling
nm0297578,Patrick Fugit
nm0297885,Tatsuya Fujiwara
nm0298281,Kurt Fuller
nm0299077,Chris Furrh
nm0299811,Benno Fürmann
nm0300589,Sarah Gadon
nm0302105,Anna Galiena
nm0302108,Zach Galifianakis
nm0302356,David Gallagher
nm0305081,Adam Garcia
nm0305087,Al Ernest Garcia
nm0305558,Gael García Bernal
nm0306786,Reginald Gardiner
nm0307531,Jeff Garlin
nm0308039,Louis Garrel
nm0308882,Lorraine Gary
nm0309107,Tatsuya Gashûin
nm0309945,Maxim Gaudette
nm0310966,Ari Graynor
nm0310980,Janet Gaynor
nm0311476,Martina Gedeck
nm0313438,Gladys George
nm0313534,Melissa George
nm0315041,Ricky Gervais
nm0315288,John Getz
nm0315760,Abdel Ahmed Ghili
nm0316079,Paul Giamatti
nm0316284,Giancarlo Giannini
nm0316701,Mary Gibbs
nm0317725,Ariadna Gil
nm0317956,Marcus Gilbert
nm0317970,Billy Gilbert
nm0318884,Liz Giles
nm0319843,Daniel Giménez Cacho
nm0321294,Aldo Giuffrè
nm0322407,Brendan Gleeson
nm0322513,Iain Glen
nm0324009,Patrick Godfrey
nm0324397,Dave Goelz
nm0324658,Walton Goggins
nm0324672,Michael Lee Gogin
nm0328709,Meagan Good
nm0328751,Caroline Goodall
nm0328828,Matthew Goode
nm0329422,Alexander Goodwin
nm0329481,Ginnifer Goodwin
nm0330687,Joseph Gordon-Levitt
nm0331516,Ryan Gosling
nm0331906,Gilbert Gottfried
nm0332390,Harold Gould
nm0333410,Topher Grace
nm0334057,Gerrit Graham
nm0334179,Lauren Graham
nm0334318,Stephen Graham
nm0334882,Darío Grandinetti
nm0335305,Charles Grant
nm0335788,Charley Grapewin
nm0336582,Dorian Gray
nm0338886,Peter Greene
nm0339304,Bruce Greenwood
nm0339460,Judy Greer
nm0340260,Zach Grenier
nm0340973,Jon Gries
nm0341174,Douglas M. Griffin
nm0341737,Rachel Griffiths
nm0341743,Richard Griffiths
nm0342029,Frank Grillo
nm0342458,Nikolay Grinko
nm0342488,Rupert Grint
nm0343447,Michael Gross
nm0344435,Ioan Gruffudd
nm0344963,Herbert Grönemeyer
nm0346027,Jackie Guerra
nm0346270,Álvaro Guerrero
nm0347149,Sienna Guillory
nm0347509,Tom Guiry
nm0347797,Sean Gullette
nm0348409,Bob Gunton
nm0350079,Luis Guzmán
nm0350453,Jake Gyllenhaal
nm0350454,Maggie Gyllenhaal
nm0352195,Peter Haber
nm0352778,Bill Hader
nm0353405,Jean Hagen
nm0353546,Julie Hagerty
nm0354198,Jeanette Hain
nm0354913,Georgia Hale
nm0354916,Grace Hayle
nm0355083,Brian Haley
nm0355097,Jackie Earle Haley
nm0355112,Michael Haley
nm0355379,Bug Hall
nm0356017,Rebecca Hall
nm0357979,Josh Hamilton
nm0358316,Jon Hamm
nm0359398,Martin Hancock
nm0360481,Mathew Karedas
nm0361697,Setsuko Hara
nm0361823,Haya Harareet
nm0362429,Kadeem Hardison
nm0362643,George Hardy
nm0362766,Tom Hardy
nm0364813,Jared Harris
nm0364977,Laura Harris
nm0365140,Naomie Harris
nm0365445,Wood Harris
nm0365501,Bret Harrison
nm0366389,Kevin Hart
nm0366466,Pamela Hart
nm0366667,Leslie Zemeckis
nm0367005,Phil Hartman
nm0367496,Don Harvey
nm0368689,Leila Hatami
nm0368969,Kotoe Hatsui
nm0368990,Rohini Hattangadi
nm0369513,Cole Hauser
nm0369918,Alex Haw
nm0370035,John Hawkes
nm0370144,Jack Hawkins
nm0370564,Sessue Hayakawa
nm0370700,John Haycraft
nm0371824,Chris Haywood
nm0372176,Lena Headey
nm0373571,Kevin Heffernan
nm0375609,Brigitte Helm
nm0375738,Tom Helmore
nm0376540,Martin Henderson
nm0376716,Christina Hendricks
nm0378175,Shuler Hensley
nm0378245,Taraji P. Henson
nm0378880,Wilson Jermaine Heredia
nm0379114,David Herman
nm0379596,Jay Hernandez
nm0382110,David Hewlett
nm0382402,Jean Heywood
nm0382676,William Hickey
nm0383022,Noriko Hidaka
nm0383261,Chieko Higashiyama
nm0383422,John Michael Higgins
nm0383603,Freddie Highmore
nm0383708,Rumi Hiiragi
nm0384211,Dulé Hill
nm0384916,John Hillerman
nm0385443,Shin'ichi Himori
nm0386472,Emile Hirsch
nm0387432,Judith Hoag
nm0388382,Tyler Hoechlin
nm0390229,Laurie Holden
nm0391762,Brittany Ashton Holmes
nm0392529,Tim Holt
nm0394191,Jermaine Hopkins
nm0396558,Nicholas Hoult
nm0396812,Danny Huston
nm0397171,Bryce Dallas Howard
nm0397788,Brian Howe
nm0397940,Kanin Howell
nm0400464,Barnard Hughes
nm0401264,Michiel Huisman
nm0402032,Barry Humphries
nm0402271,Charlie Hunnam
nm0402730,Bill Hunter
nm0403652,Ryan Hurst
nm0404158,Walter Huston
nm0404307,Anna Hutchison
nm0404993,Jonathan Hyde
nm0406157,Hümeyra
nm0406975,Rhys Ifans
nm0408309,Celia Imrie
nm0408591,Ralph Ineson
nm0410942,Yuriko Ishida
nm0411581,Maia Morgenstern
nm0411790,Shigesato Itoi
nm0412901,T.J. Lowther
nm0413168,Hugh Jackman
nm0413238,Natalie Mendoza
nm0415412,Nafise Jafar-Mohammadi
nm0415932,Peeter Jakobi
nm0416381,Colton James
nm0416596,Jesse James
nm0416673,Kevin James
nm0417840,Janis Farley
nm0419363,Christina Jastrzembska
nm0420955,Richard Jenkins
nm0421105,Alex Jennings
nm0421332,Ashley Jensen
nm0422948,Héctor Jiménez
nm0424060,Scarlett Johansson
nm0424216,Johnny Knoxville
nm0424848,Dakota Johnson
nm0425005,Dwayne Johnson
nm0427894,Dean Jones
nm0427964,Doug Jones
nm0428065,Felicity Jones
nm0428121,Gemma Jones
nm0428656,Leslie Jones
nm0428963,Orlando Jones
nm0429250,Shirley Jones
nm0429385,Tracey Cherelle Jones
nm0430107,Michael B. Jordan
nm0430817,Sharman Joshi
nm0434854,Jeff Kahn
nm0435074,Khalil Kain
nm0435289,Aleksandr Kaydanovskiy
nm0437454,Tom Kane
nm0437520,Nobuo Kaneko
nm0437580,Takeshi Kaneshiro
nm0438463,Anil Kapoor
nm0439642,Jonas Karlsson
nm0439850,Roscoe Karns
nm0440913,Mathieu Kassovitz
nm0441814,Omri Katz
nm0443509,Iemasa Kayumi
nm0444223,Arielle Kebbel
nm0444248,Salim Kechiouche
nm0446303,David Kelly
nm0446702,Moira Kelly
nm0446805,RaéVen Kelly
nm0447290,Gary Kemp
nm0447695,Anna Kendrick
nm0448204,Maria Doyle Kennedy
nm0448712,Diana Kent
nm0449466,Joey Kern
nm0449828,Mamaengaroa Kerr-Bell
nm0451148,Aamir Khan
nm0451174,Arshad Warsi
nm0451234,Irrfan Khan
nm0451600,Anupam Kher
nm0452748,Rya Kihlstedt
nm0452860,Rinko Kikuchi
nm0453248,Buzz Kilman
nm0453550,June Kyoto Lu
nm0454120,Takuya Kimura
nm0455767,Terry Kinney
nm0456124,Bruno Kirby
nm0456943,Alexis Kirschner
nm0457457,Darci Kistler
nm0457755,Eartha Kitt
nm0458951,Robert Klein
nm0459030,Rudolf Klein-Rogge
nm0459706,Heidi Kling
nm0461136,Keira Knightley
nm0461409,Andrew Knott
nm0461498,Beyoncé
nm0462407,Sebastian Koch
nm0462712,David Koechner
nm0464143,Claudia Koll
nm0465269,Karin Konoval
nm0466636,Tommi Korpela
nm0468003,Hubert Koundé
nm0468772,Harley Jane Kozak
nm0468957,Linda Kozlowski
nm0469823,Fran Kranz
nm0470182,Brian Krause
nm0470385,Aleksey Kravchenko
nm0470981,Thomas Kretschmann
nm0472234,Margaretha Krook
nm0472756,Mara Krupp
nm0472762,Olek Krupa
nm0473228,Hardy Krüger
nm0474520,Vladimir Kulich
nm0475752,Chiaki Kuriyama
nm0476334,Fikret Kuskan
nm0477449,Hisako Kyôda
nm0477553,Machiko Kyô
nm0477810,Juliane Köhler
nm0478886,Ana de la Reguera
nm0479471,Shia LaBeouf
nm0480869,Art LaFleur
nm0481618,Bert Lahr
nm0484737,Inge Landgut
nm0484829,Jessie Royce Landis
nm0486277,A.J. Langer
nm0487296,Paolo Lanza
nm0487553,Ivan Lapikov
nm0487884,Alexandra Maria Lara
nm0488306,Linda Larkin
nm0488662,John Larroquette
nm0488917,Thomas Bo Larsen
nm0488953,Brie Larson
nm0489504,Dieter Laser
nm0490489,Andy Lau
nm0490708,Liubomiras Laucevicius
nm0491259,Mélanie Laurent
nm0491402,Hugh Laurie
nm0492220,Adam LaVorgna
nm0492746,Elizabeth Lawrence
nm0492932,Matthew Lawrence
nm0493279,Maggie Lawson
nm0494504,Anne Le Ny
nm0495229,Michael Learned
nm0496932,Lee Byung-hun
nm0498247,Sheryl Lee
nm0498275,Sophie Lee
nm0498449,Will Yun Lee
nm0498713,Erica Leerhsen
nm0500200,Chyler Leigh
nm0501435,Kasi Lemmons
nm0502073,Thomas Lennon
nm0502425,Melissa Leo
nm0502442,Leon
nm0502671,Joshua Leonard
nm0503567,Logan Lerman
nm0503627,Michael Lerner
nm0504832,Tracy Letts
nm0504897,Tony Leung Chiu-wai
nm0504899,Tony Ka Fai Leung
nm0504962,Ken Leung
nm0505971,Ted Levine
nm0505979,Walter Levine
nm0506405,Eugene Levy
nm0507073,Damian Lewis
nm0507212,Geoffrey Lewis
nm0507644,Rawle D. Lewis
nm0507659,Richard Lewis
nm0510168,Shad Moss
nm0510857,Brigitte Lin
nm0511196,Greta Lind
nm0511798,Viveca Lindfors
nm0513281,Alex D. Linz
nm0515116,Blake Lively
nm0515272,Margaret Livingston
nm0515296,Ron Livingston
nm0515950,Danny Lloyd
nm0516272,Enrico Lo Verso
nm0516972,Gary Lockwood
nm0517820,Lindsay Lohan
nm0518085,Kristanna Loken
nm0518687,Daniel London
nm0518715,Jason London
nm0518821,John Lone
nm0519043,Justin Long
nm0519456,Eva Longoria
nm0520164,Perry Lopez
nm0521051,Jean-Pierre Lorit
nm0521974,Todd Louiso
nm0524197,Josh Lucas
nm0525793,Folco Lulli
nm0525921,Joanna Lumley
nm0526019,Diego Luna
nm0526939,Tabitha Lupien
nm0528331,Jane Lynch
nm0529543,Jean-Pierre Léaud
nm0530365,Sergi López
nm0531069,Kate Maberly
nm0531808,Kelly Macdonald
nm0531933,Shauna Macdonald
nm0532193,Matthew Macfadyen
nm0532235,Seth MacFarlane
nm0533045,Marion Mack
nm0534045,Fred MacMurray
nm0534317,George Macready
nm0534635,Richard Madden
nm0534856,Madhavan
nm0534944,James Madio
nm0535329,Aki Maeda
nm0535502,Mía Maestro
nm0535861,Patrick Magee
nm0536009,Lamberto Maggiorani
nm0539082,Romany Malco
nm0539678,Ross Malinger
nm0540441,Jena Malone
nm0541902,Aasif Mandvi
nm0542492,Rizwan Manji
nm0542635,Alakina Mann
nm0544067,Michael Mantell
nm0544334,Lesley Manville
nm0544718,Kate Mara
nm0545298,Fredric March
nm0545408,Nancy Marchand
nm0546797,Mark Margolis
nm0546816,Miriam Margolyes
nm0547349,Eli Marienthal
nm0550371,Eddie Marsan
nm0553648,Olivier Martinez
nm0555404,María Marull
nm0555807,Franca Marzi
nm0556399,Giulietta Masina
nm0556850,Marsha Mason
nm0557956,Richard Masur
nm0558548,Hans Matheson
nm0559444,Yôji Matsuda
nm0559890,Ulrich Matthes
nm0560093,Liesel Matthews
nm0561158,Claire Maurier
nm0561809,Roberta Maxwell
nm0562201,Rik Mayall
nm0564215,James McAvoy
nm0564277,Chi McBride
nm0564500,Richard McCabe
nm0565250,Melissa McCarthy
nm0566783,Matt McCoy
nm0567356,Martine McCutcheon
nm0567912,Michael McDonald
nm0568385,Michael McElhatton
nm0568750,Connie Young
nm0569000,Darren McGavin
nm0569226,Bruce McGill
nm0569239,Everett McGill
nm0570364,Joel McHale
nm0570860,Rose McIver
nm0571537,Jacqueline McKenzie
nm0571727,Kevin McKidd
nm0571952,Kate McKinnon
nm0573862,Ian McNeice
nm0574534,Ian McShane
nm0575184,Russell Means
nm0575216,Derek Mears
nm0576127,Ralph Meeker
nm0576345,John Megna
nm0576928,Frédérique Meininger
nm0577828,Joseph Melito
nm0578853,Ben Mendelsohn
nm0578949,Eva Mendes
nm0579663,Adolphe Menjou
nm0579953,Idina Menzel
nm0580565,Burgess Meredith
nm0582149,Chris Messina
nm0582418,Laurie Metcalf
nm0582462,Jesse Metcalfe
nm0582890,Paul Meurisse
nm0584052,Paul Sanchez
nm0586568,Mads Mikkelsen
nm0587256,Vera Miles
nm0587401,Tomas Milian
nm0587884,Andrew Miller
nm0588033,Carl Miller
nm0588222,Dennis Miller
nm0588766,Kristen Miller
nm0588777,Larry Miller
nm0590055,John Mills
nm0590452,Sandra Milo
nm0592500,Olga Mironova
nm0593310,Elizabeth Mitchell
nm0593664,Radha Mitchell
nm0593775,Thomas Mitchell
nm0593961,Rhona Mitra
nm0594271,Akihiro Miwa
nm0597388,Jason Momoa
nm0597410,Taylor Momsen
nm0598971,Yves Montand
nm0600473,Elizabeth Moody
nm0600668,Moon So-ri
nm0600877,Pink
nm0601553,Mandy Moore
nm0602941,Nick Moran
nm0603402,Jeanne Moreau
nm0603413,Marguerite Moreau
nm0604656,Frank Morgan
nm0605270,Masayuki Mori
nm0607185,Jennifer Morrison
nm0607325,Temuera Morrison
nm0607375,David Morrissey
nm0607865,Emily Mortimer
nm0608012,Joe Morton
nm0608090,Samantha Morton
nm0608440,William Moseley
nm0611731,Saskia Mulder
nm0612487,Kieran Mulroney
nm0612534,Callan Mulvey
nm0614165,Cillian Murphy
nm0614220,Donna Murphy
nm0614677,Rosemary Murphy
nm0615306,Tom Murray
nm0616068,Garikayi Mutambirwa
nm0616729,Harry Myers
nm0618057,Ulrich Mühe
nm0618690,Matheus Nachtergaele
nm0619406,Parminder Nagra
nm0619600,Philippe Nahon
nm0619651,Ajay Naidu
nm0619700,Jimmy Nail
nm0619870,Mohammad Amir Naji
nm0619938,Tatsuya Nakadai
nm0623214,Gorô Naya
nm0625099,Nelly
nm0625456,Jerry Nelson
nm0625561,Loren Nelson
nm0625724,Ruth Nelson
nm0625789,Tim Blake Nelson
nm0627878,Bob Newhart
nm0628601,Thandiwe Newton
nm0628704,Jinpachi Nezu
nm0629633,Kyra Nichols
nm0629855,Julianne Nicholson
nm0631490,Bill Nighy
nm0632385,Najwa Nimri
nm0633223,Cynthia Nixon
nm0634159,Philippe Noiret
nm0634297,John Nolan
nm0636426,Noomi Rapace
nm0636942,Bojana Novakovic
nm0638056,Bill Nunn
nm0638824,Michael Nyqvist
nm0639563,George O'Brien
nm0640307,Donald O'Connor
nm0640323,Frances O'Connor
nm0641168,Brian O'Halloran
nm0641314,Paige O'Hara
nm0641397,Dan O'Herlihy
nm0641939,Ryan O'Neal
nm0641966,Barbara O'Neil
nm0642145,Ed O'Neill
nm0642368,Terry O'Quinn
nm0642522,Ed O'Ross
nm0642988,Jack Oakie
nm0644022,Bob Odenkirk
nm0644406,Nick Offerman
nm0644897,Sandra Oh
nm0645683,Sophie Okonedo
nm0646351,Larisa Oleynik
nm0646943,Michael Oliver
nm0647634,Elizabeth Olsen
nm0647638,Eric Christian Olsen
nm0647970,Nancy Olson
nm0648249,Timothy Olyphant
nm0648486,Timothy Omundson
nm0650702,Leland Orser
nm0651660,Holmes Osborne
nm0652663,Patton Oswalt
nm0653942,Frank Overton
nm0654110,Clive Owen
nm0654240,Rena Owen
nm0654295,Alfie Allen
nm0655585,Jared Padalecki
nm0656188,Harrison Page
nm0656215,Joanna Page
nm0656929,Josh Pais
nm0658099,Alex Palmer
nm0659363,Hayden Panettiere
nm0659544,Archie Panjabi
nm0661407,Judy Parfitt
nm0664238,Adam Pascal
nm0665265,Patcharawan Patarakijjanon
nm0668994,Oscar Pearce
nm0669681,Josh Peck
nm0670408,Simon Pegg
nm0670582,Sarah Peirse
nm0670852,Lisa Pelikan
nm0671487,Steve Pemberton
nm0671567,Michael Peña
nm0671761,Greyson Erik Pendry
nm0673749,François Périer
nm0674231,Rhea Perlman
nm0674782,Harold Perrineau
nm0676973,William Petersen
nm0679272,Diana Peñalver
nm0680983,Elliot Page
nm0681218,Matilde Piana
nm0682399,Justin Pierce
nm0683253,Rosamund Pike
nm0684500,Dominique Pinon
nm0684999,Danuel Pipoly
nm0685856,Michael Pitt
nm0686009,Jacob Pitts
nm0687146,Jesse Plemons
nm0687189,Suzanne Pleshette
nm0687506,Joan Plowright
nm0687625,Glenn Plummer
nm0688132,Amy Poehler
nm0689646,Daniel Pollock
nm0691555,Nils Poppe
nm0692018,Alisan Porter
nm0694379,Chad Power
nm0695435,Chris Pratt
nm0696705,Margo Prey
nm0699117,Heydon Prowse
nm0700875,Om Puri
nm0701012,Edna Purviance
nm0702541,Hanno Pöschl
nm0702572,Maggie Q
nm0703800,Colin Quinn
nm0704270,Zachary Quinto
nm0705356,Daniel Radcliffe
nm0706368,George Raft
nm0706567,Pablo Rago
nm0708293,Efren Ramirez
nm0708873,Bruce Ramsay
nm0709704,Tony Randall
nm0710829,Anthony Rapp
nm0711118,Phylicia Rashad
nm0711805,Elden Henson
nm0714310,James Rebhorn
nm0714534,Aurélien Recoing
nm0715622,Pamela Reed
nm0715953,Roger Rees
nm0717157,Alex Reid
nm0719606,Patrick Renna
nm0719612,Deborah Rennard
nm0719637,Jeremy Renner
nm0722631,Paul Rhys
nm0722636,John Rhys-Davies
nm0724757,Salli Richardson-Whitfield
nm0724927,William Richert
nm0724995,Julian Richings
nm0725220,Daniel Richter
nm0725284,Jason James Richter
nm0725543,Don Rickles
nm0726200,Peter Riegert
nm0728812,Thelma Ritter
nm0730168,Sam Robards
nm0731075,Emma Roberts
nm0731634,Tony Roberts
nm0732133,Wendy Robie
nm0734442,James Roday Rodriguez
nm0735442,Michelle Rodriguez
nm0736622,Seth Rogen
nm0738918,Lou Romano
nm0740264,Michael Rooker
nm0741242,Anika Noni Rose
nm0741803,John Roselius
nm0742146,Michael Rosenbaum
nm0743017,Bodil Rosing
nm0744834,Eli Roth
nm0745751,Jonathan Roumie
nm0745780,Richard Roundtree
nm0746125,Brandon Routh
nm0746149,Jordan Routledge
nm0746896,Richard Roxburgh
nm0747962,Jan Rubes
nm0748620,Paul Rudd
nm0748973,Maya Rudolph
nm0749263,Mark Ruffalo
nm0749363,Rufus
nm0751301,Lucy Russell
nm0751405,Rebel Penfold-Russell
nm0751638,James Russo
nm0752407,Amy Ryan
nm0752636,John P. Ryan
nm0753314,Mark Rylance
nm0753479,Chishû Ryû
nm0753480,Daisuke Ryû
nm0753716,Albert Rémy
nm0754512,Daryl Sabara
nm0755267,Katee Sackhoff
nm0756083,Bill Sage
nm0757076,Chika Sakamoto
nm0757855,Zoe Saldana
nm0758413,Matt Salinger
nm0758487,Yesim Salkim
nm0760778,Fatima Sana Shaikh
nm0761052,Roselyn Sanchez
nm0761866,Tiny Sandford
nm0762248,Stefania Sandrelli
nm0765597,Peter Sarsgaard
nm0766837,Jennifer Saunders
nm0768018,Julia Sawalha
nm0768297,Veerendra Saxena
nm0771493,Richard Schiff
nm0776914,Maurice Schutz
nm0777760,Eric Schweig
nm0778804,Alan Randolph Scott
nm0778808,Alex Scott
nm0779084,Dougray Scott
nm0779866,Tom Everett Scott
nm0781218,Jon Seda
nm0781245,Bahare Seddiqi
nm0781981,Jason Segel
nm0782561,Emmanuelle Seigner
nm0784038,Sener Sen
nm0784039,Sermin Hürmeriç
nm0785108,Nikolay Sergeev
nm0785227,Andy Serkis
nm0786022,Roshan Seth
nm0786639,Brendan Sexton III
nm0787462,Naseeruddin Shah
nm0788018,Shane
nm0788335,Michael Shannon
nm0788340,Molly Shannon
nm0788351,Polly Shannon
nm0788767,John Sharian
nm0789585,Alonna Shaw
nm0790688,Michael Sheen
nm0791570,Ben Shenkman
nm0792177,Jamey Sheridan
nm0793585,Sumi Shimamoto
nm0793616,Yukiko Shimazaki
nm0793766,Takashi Shimura
nm0794002,Yoshiko Shinohara
nm0794186,Ayano Shiraishi
nm0794896,Miriam Shor
nm0795225,Robin Shou
nm0795290,Michael Showalter
nm0795661,Saurabh Shukla
nm0795711,Richard B. Shull
nm0797531,Simone Signoret
nm0798564,Eugene Silvain
nm0798779,Ron Silver
nm0798971,Sarah Silverman
nm0799777,J.K. Simmons
nm0801231,Taylor Simpson
nm0802995,Greg Sestero
nm0803145,Michelan Sisti
nm0803310,Siu Ping-Lam
nm0803705,Victor Sjöström
nm0803889,Bill Skarsgård
nm0805189,Max Elliott Slade
nm0805789,Victor Slezak
nm0806527,Sharon Small
nm0807900,David Lee Smith
nm0808376,Gregory Smith
nm0808603,Jamie Renée Smith
nm0809031,Lane Smith
nm0809049,Lauren Lee Smith
nm0811242,Brittany Snow
nm0812427,Marilyn Sokol
nm0813463,Anatoliy Solonitsyn
nm0814280,Song Kang-ho
nm0815370,Shannyn Sossamon
nm0817983,John Spencer
nm0818055,Octavia Spencer
nm0819412,Lisa Spoonauer
nm0819850,Cole Sprouse
nm0821041,Robert Stack
nm0821543,Enzo Staiola
nm0821739,Sage Stallone
nm0822982,Sullivan Stapleton
nm0823435,Diego Starosta
nm0823563,Mike Starr
nm0826198,Robert J. Steinmiller Jr.
nm0827170,Toby Stephens
nm0827294,Michael Paul Stephenson
nm0827663,Daniel Stern
nm0827973,Frances Sternhagen
nm0829032,Ray Stevenson
nm0829537,Jon Stewart
nm0829576,Kristen Stewart
nm0831601,Christian Stolte
nm0832509,Dennis Storhøi
nm0832792,Ken Stott
nm0832852,Austin Stout
nm0834373,Gail Strickland
nm0835016,Mark Strong
nm0836121,Michael Stuhlbarg
nm0836343,Jim Sturgess
nm0837177,Jason Sudeikis
nm0837223,Alison Sudol
nm0837868,Giuseppe Sulfaro
nm0838059,Erik Per Sullivan
nm0838911,Jeremy Sumpter
nm0841501,Mack Swain
nm0841797,Gloria Swanson
nm0841910,Nick Swardson
nm0842475,Stanley Swerdlow
nm0842770,Tilda Swinton
nm0843059,Eric Sykes
nm0843213,William Sylvester
nm0844294,Magda Szubanski
nm0845209,Aitana Sánchez-Gijón
nm0846480,Cary-Hiroyuki Tagawa
nm0846548,Saïd Taghmaoui
nm0847054,Hitoshi Takagi
nm0848075,Michael Taliferro
nm0848554,Amber Tamblyn
nm0848968,Atsuko Tanaka
nm0848984,Haruo Tanaka
nm0849028,Mayumi Tanaka
nm0849100,Yûko Tanaka
nm0849214,Mark Tandy
nm0850162,Gerardo Taracena
nm0851302,Tsutomu Tatsumi
nm0851582,Audrey Tautou
nm0851767,José María de Tavira
nm0852132,Christine Taylor
nm0852965,Noah Taylor
nm0853779,Travis Tedford
nm0855039,David Tennant
nm0855103,Jon Tenney
nm0855385,Minori Terada
nm0855417,Akira Terao
nm0855564,Lee Tergesen
nm0856057,Paul Terry
nm0857177,John Thaw
nm0857458,Jeremy Theobald
nm0857620,Justin Theroux
nm0858977,Jameson Thomas
nm0859503,Sean Patrick Thomas
nm0862026,Ingrid Thulin
nm0863208,Leif Tilden
nm0864490,Jackie Sandler
nm0864997,Stephen Tobolowsky
nm0865084,Toshi Toda
nm0865302,Tony Todd
nm0865411,Srdjan 'Zika' Todorovic
nm0865949,Goya Toledo
nm0866626,Frances Tomelty
nm0866918,Jorma Tommila
nm0867391,Eijirô Tôno
nm0868659,Gina Torres
nm0869590,Robert Toupin
nm0870007,Katharine Towne
nm0870204,Stuart Townsend
nm0871456,Joey Travolta
nm0871590,Michael Treanor
nm0872729,Sergej Trifunovic
nm0874086,Rachel True
nm0874232,Raoul Max Trujillo
nm0874676,Eric Tsang
nm0875332,Mahito Tsujimura
nm0875362,Yôko Tsukasa
nm0875477,Keiko Tsushima
nm0875951,Michael Tucker
nm0876138,Alan Tudyk
nm0876300,Ulrich Tukur
nm0876958,Paige Turco
nm0877430,Bree Turner
nm0877928,Tyrin Turner
nm0879073,Susan Tyrrell
nm0879085,Tyrese Gibson
nm0880521,Liv Ullmann
nm0881631,Karl Urban
nm0884313,Steve Valentine
nm0885091,Michele Valley
nm0885098,Alida Valli
nm0886870,Peter van Eyck
nm0889024,Charles Vanel
nm0889522,Nia Vardalos
nm0889846,Jacob Vargas
nm0890232,Michael Vartan
nm0891786,Alexa PenaVega
nm0893204,Diane Venora
nm0893941,Maribel Verdú
nm0897640,Mónica Villa
nm0897845,Soledad Villamil
nm0898571,Alex Vincent
nm0898634,Frank Vincent
nm0899282,André Vippolis
nm0899681,Goran Visnjic
nm0899953,Mike Vitar
nm0899995,Joe Viterelli
nm0902188,Lenny von Dohlen
nm0903677,Arnold Vosloo
nm0906618,Malcolm Waite
nm0906756,Amr Waked
nm0907323,Shawna Waldron
nm0908094,Paul Walker
nm0908919,Eli Wallach
nm0910278,Julie Walters
nm0910607,Christoph Waltz
nm0910947,Faye Wong
nm0911320,Patrick Warburton
nm0911542,Fred Ward
nm0912001,Jack Warden
nm0913488,Kerry Washington
nm0913502,Manner Washington
nm0913822,Ken Watanabe
nm0914240,Ian Watkin
nm0914327,Jason Watkins
nm0914612,Emma Watson
nm0915208,Naomi Watts
nm0915465,Shawn Wayans
nm0915865,Jacki Weaver
nm0915989,Hugo Weaving
nm0916406,Mark Webber
nm0916617,Jake Weber
nm0918334,Scott Weinger
nm0918573,Benjamin Weir
nm0920992,David Wenham
nm0921044,Klaus Wennemann
nm0921532,Otto Wernicke
nm0922035,Dominic West
nm0922136,Jemima West
nm0922210,Madeleine West
nm0922342,Shane West
nm0922563,Travis Wester
nm0924070,Wendy Whelan
nm0924204,Shannon Whirry
nm0924210,Ben Whishaw
nm0925096,Lari White
nm0925220,Michael Jai White
nm0925234,Mike White
nm0925943,Mitchell Whitfield
nm0925966,Bradley Whitford
nm0926165,Mae Whitman
nm0926209,Steve Whitmire
nm0927145,Ellen Widmann
nm0927812,Wiley Wiggins
nm0929489,Tom Wilkinson
nm0929609,Fred Willard
nm0931090,Kimberly Williams-Paisley
nm0931247,Mark Williams
nm0931321,Michael C. Williams
nm0931324,Michael Kenneth Williams
nm0931329,Michelle Williams
nm0931404,Olivia Williams
nm0932244,Noble Willingham
nm0933098,Bridgette Wilson-Sampras
nm0933798,Mara Wilson
nm0933940,Patrick Wilson
nm0933959,Peta Wilson
nm0933988,Rainn Wilson
nm0934902,Paul Winfield
nm0935541,Mary Elizabeth Winstead
nm0935653,Ray Winstone
nm0935659,Maurice Dean Wint
nm0935721,Eric Winter
nm0936403,Ray Wise
nm0936762,John Witherspoon
nm0937356,Damian Woetzel
nm0937930,Scott Wolf
nm0938893,Anthony Chau-Sang Wong
nm0938950,Benedict Wong
nm0939378,Victor Wong
nm0939697,Evan Rachel Wood
nm0940158,Bokeem Woodbine
nm0940362,Shailene Woodley
nm0940673,Kevin Jamal Woods
nm0941777,Sam Worthington
nm0942482,Jeffrey Wright
nm0942668,N'Bushe Wright
nm0942792,Sarah Wright
nm0942863,Teresa Wright
nm0942876,Thomas M. Wright
nm0943978,Keenan Wynn
nm0945290,Kôichi Yamadera
nm0945312,Akemi Yamaguchi
nm0945500,Tarô Yamamoto
nm0945522,Sô Yamamura
nm0947447,Donnie Yen
nm0948267,Dwight Yoakam
nm0948445,Keiko Yokozawa
nm0948679,Daniel York
nm0949167,Yoo Ji-tae
nm0949350,Burt Young
nm0951309,Ugur Yücel
nm0952910,Jessica Zandén
nm0955195,Mai Zetterling
nm0955471,Ziyi Zhang
nm0956531,Yvonne Zima
nm0957909,Ayelet Zurer
nm0960033,Akio Ôtsuka
nm0961737,Gracy Singh
nm0973177,Kyle Gallner
nm0991810,Mahershala Ali
nm0993507,Kat Dennings
nm0996669,Common
nm0997115,Miyu Irino
nm0998941,Christo Jivkov
nm1002038,Çetin Tekindor
nm1002641,Dominic Cooper
nm1004635,Ana López Mercado
nm1005576,Rob Maxey
nm1008709,Ashley Scott
nm1009277,Dax Shepard
nm1011158,Jelena Gavrilovic
nm1011675,Ryan McCluskey
nm1013003,Michael Ealy
nm1015684,Corey Stoll
nm1016405,Alain Lathière
nm1020089,Sally Hawkins
nm1020124,Sarah Clarke
nm1024677,John Krasinski
nm1024878,Seth Meyers
nm1027682,Frank Aderias
nm1032473,Thomas Brodie-Sangster
nm1033900,Jack Adams
nm1036181,Mike Vogel
nm1040365,Brandon T. Jackson
nm1046097,Rachel McAdams
nm1055413,Michael Fassbender
nm1057928,Zoë Bell
nm1057932,Jonathan Bennett
nm1063517,Kathryn Hahn
nm1065229,America Ferrera
nm1069800,Dominique McElligott
nm1071252,Alexander Gould
nm1072555,Morena Baccarin
nm1072611,JB Blanc
nm1078479,John Cena
nm1081121,Vincent Ebrahim
nm1082477,Omar Sy
nm1083271,Megan Fox
nm1086384,Lou Taylor Pucci
nm1086543,Amanda Seyfried
nm1088052,Aaron Ruell
nm1089685,Vanessa Ferlito
nm1089991,Tom Hiddleston
nm1092086,David Harbour
nm1092227,Sienna Miller
nm1093951,Aaron Taylor-Johnson
nm1094099,Will Young
nm1095720,Keisha Castle-Hughes
nm1102577,Elle Fanning
nm1102991,Gabrielle Witcher
nm1107001,Anthony Mackie
nm1109153,Audrey Fleurot
nm1113550,Abigail Breslin
nm1119462,Amanda Righetti
nm1126340,Ryunosuke Kamiki
nm1129884,Leandro Firmino
nm1129962,Cori Gonzalez-Macuer
nm1138201,Jae-ho Song
nm1140300,Jessica Lucas
nm1144419,Danny McBride
nm1157013,Derek Jeter
nm1157048,Zachary Levi
nm1157358,Michelle Monaghan
nm1159180,Ed Helms
nm1164392,Christina Eleusiniotis
nm1165110,Chris Hemsworth
nm1166041,Ophelia Lovibond
nm1168915,Michael Dorman
nm1176651,Christos Stergioglou
nm1176985,Dave Bautista
nm1179105,Alexandre Rodrigues
nm1183149,Edgar Ramírez
nm1191481,Leigh Whannell
nm1192254,Maggie Grace
nm1195119,Kim Min-hee
nm1200692,Eva Green
nm1208167,Diane Kruger
nm1209966,Oscar Isaac
nm1210124,Taylor Lautner
nm1211488,Lynn Collins
nm1212722,Benedict Cumberbatch
nm1214435,Charlie Cox
nm1223023,Nikki Reed
nm1223979,Philip Haldiman
nm1224082,Boman Irani
nm1224826,Elle Russ
nm1227814,Vanessa Hudgens
nm1227864,Mylène Jampanoï
nm1230874,Odessa Rae
nm1235292,Kim Sang-kyung
nm1241511,Orto Ignatiussen
nm1242688,Josh Hutcherson
nm1249256,Larry the Cable Guy
nm1249574,Phellipe Haagensen
nm1256532,Jon Bernthal
nm1257480,Rufus Jones
nm1258970,Russell Brand
nm1263939,Danielle Panabaker
nm1265067,50 Cent
nm1265802,Josh Gad
nm1275259,Alexandra Daddario
nm1277177,Derek Richardson
nm1289434,Emily Blunt
nm1294664,Ellar Coltrane
nm1297015,Emma Stone
nm1300009,Adil Hussain
nm1302735,Max Thieriot
nm1310016,Brian Geraghty
nm1310709,Scott Mechlowicz
nm1312575,Olivia Wilde
nm1316767,Dallas Roberts
nm1318596,Jemaine Clement
nm1319676,Barbara Nedeljakova
nm1320897,Tian Jing
nm1323233,Mustafa Kamel
nm1323287,Roe-ha Kim
nm1325419,Kristen Wiig
nm1330560,Garrett Hedlund
nm1334869,Logan Marshall-Green
nm1339223,Ty Simpkins
nm1342727,Skandar Keynes
nm1343638,Eliza Taylor
nm1344302,Rachel House
nm1344991,Sarah Henderson
nm1347153,Tyler Perry
nm1353738,Rob Archer
nm1366028,Kim Byeong-Ok
nm1367246,Kang Hye-jeong
nm1370269,Max Burkholder
nm1372570,Lily Atkinson
nm1372713,Alex Frost
nm1374980,Zac Efron
nm1377265,Darius Rose
nm1377375,Rachel Bilson
nm1377561,Laura Ramsey
nm1379938,Travis Fimmel
nm1382072,Tommy Wiseau
nm1382799,Juliette Danielle
nm1385871,Olga Kurylenko
nm1388067,Natasha Yarovenko
nm1388927,Miranda Cosgrove
nm1393354,Kristen Connolly
nm1395602,Allen Leech
nm1404408,Alice Eve
nm1404488,AJ Michalka
nm1410076,Nathalie Boltt
nm1411125,Selena Gomez
nm1411676,Mindy Kaling
nm1412815,James Paxton
nm1413459,Siddharth
nm1417647,Jon Heder
nm1419440,Ivana Baquero
nm1431940,Evangeline Lilly
nm1433549,Kelly Adams
nm1442113,Jack McBrayer
nm1445490,Alice Greczyn
nm1455681,AnnaSophia Robb
nm1465326,Angeliki Papoulia
nm1469236,Olivia Colman
nm1475594,Channing Tatum
nm1482809,Bob Griffin
nm1486911,Shahab Hosseini
nm1497548,Jimmy Bennett
nm1500155,Robert Pattinson
nm1501050,Jonah Bobo
nm1505460,Florence Kastriner
nm1507857,Keir Gilchrist
nm1512166,Jamie Chung
nm1517976,Chris Pine
nm1519666,Eddie Redmayne
nm1519680,Saoirse Ronan
nm1525807,Joel Courtney
nm1534287,Mayko Nguyen
nm1535523,Jaden Smith
nm1542291,Christopher Carley
nm1544103,Stan Collymore
nm1551922,Columbus Short
nm1556320,Katie Cassidy
nm1564087,Jenna Dewan
nm1567113,Jessica Chastain
nm1568589,Luing Andrews
nm1569276,Chadwick Boseman
nm1573253,Alexander Ludwig
nm1587175,Mona Singh
nm1588066,Robert Sheehan
nm1591353,Jonny Brugh
nm1596350,Nawazuddin Siddiqui
nm1597316,Adrianne Palicki
nm1601397,Olivia Munn
nm1602660,Ben Barnes
nm1631269,Chloë Grace Moretz
nm1641117,Alex Pettyfer
nm1648520,Katie Leung
nm1659221,Sebastian Stan
nm1659547,Carey Mulligan
nm1662011,Morjana Alaoui
nm1663205,Sharlto Copley
nm1667364,Ashley Benson
nm1670029,Rupert Friend
nm1670137,Georgie Henley
nm1670244,Mahesh Kanual
nm1675786,Soha Ali Khan
nm1679669,Rosemarie DeWitt
nm1690482,Damaine Radcliff
nm1706767,Jonah Hill
nm1711114,Skyler Gisondo
nm1715194,Aníta Briem
nm1717152,Jackson Rathbone
nm1720028,Amber Heard
nm1727304,Domhnall Gleeson
nm1742630,Marc Wootton
nm1745736,Paula Patton
nm1782667,Matt Lanter
nm1785575,Jaime Winstone
nm1796057,Max Irons
nm1796730,Xolani Mali
nm1801841,Gemma Ward
nm1812267,Eddie Baroo
nm1818216,Payman Maadi
nm1822659,Nat Wolff
nm1847117,Janelle Monáe
nm1853544,Pierre Coffin
nm1869101,Ana de Armas
nm1872698,Dianna Agron
nm1875238,Jessica Barden
nm1882152,Xavier Samuel
nm1886602,Miles Teller
nm1894655,John Hodgman
nm1898448,Eythor Gudjonsson
nm1904886,Mia Stallard
nm1913734,Rooney Mara
nm1925239,Jack O'Connell
nm1935086,Tessa Thompson
nm1940449,Andrew Garfield
nm1946193,Jamie Dornan
nm1954240,Teresa Palmer
nm1968873,Ed Speleers
nm1978402,Ha Jung-woo
nm1981893,Riz Ahmed
nm1982597,Rihanna
nm1985859,Mia Wasikowska
nm1996295,Petr Ratimec
nm2002649,Dave Franco
nm2017943,Hayley Atwell
nm2018237,Taylor Kitsch
nm2020015,Ege Tanman
nm2020146,Daniella Kertesz
nm2023672,Dakota Goyo
nm2026113,De'Shawn Washington
nm2032193,Miyavi
nm2036501,Ben Walker
nm2052567,Jae Head
nm2057036,Shiloh Fernandez
nm2057859,Andrea Riseborough
nm2079681,Morgan Lily
nm2080328,Kelsey Asbille
nm2092886,Jodie Whittaker
nm2105255,Sarah Roemer
nm2107837,Nate Hartley
nm2129444,Alice Englert
nm2140860,Maika Monroe
nm2154960,Amy Schumer
nm2162290,Akihiro Kitamura
nm2166477,Ivo Nandi
nm2167957,Paul Anderson
nm2174090,Scottie Thompson
nm2179185,Damien Marzette
nm2186865,Hong Chau
nm2199632,Rudy Youngblood
nm2199664,Dalia Hernández
nm2202521,Madison Pettis
nm2215447,Johnny Simmons
nm2218894,Kagiso Kuypers
nm2225369,Jennifer Lawrence
nm2239702,Katherine Waterston
nm2240346,Kodi Smit-McPhee
nm2244205,Léa Seydoux
nm2247245,Haley Bennett
nm2253071,Charlie Tahan
nm2257207,Daniel Kaluuya
nm2264184,Elissa Knight
nm2265157,Isabelle Fuhrman
nm2271261,Jason Cope
nm2280521,Winter Williams
nm2284889,Nikki Blonsky
nm2301950,Dakota Blue Richards
nm2309517,Armie Hammer
nm2313103,Rebel Wilson
nm2319871,Anna Camp
nm2348627,Lucas Hedges
nm2353862,Dev Patel
nm2368789,Zoë Kravitz
nm2394794,Karen Gillan
nm2395586,Christopher Mintz-Plasse
nm2395937,Brooklyn Decker
nm2400045,Nina Dobrev
nm2401020,Will Poulter
nm2403277,Alden Ehrenreich
nm2415554,Mohamed Akhzam
nm2437361,Cho Jin-woong
nm2443758,Nicola Peltz Beckham
nm2460100,Ashlynn Yennie
nm2466842,Quinton Aaron
nm2480549,An Nguyen
nm2501633,Lena Dunham
nm2505304,Sean Bott
nm2528248,Steve Wiebe
nm2535022,Philip King
nm2539953,Alicia Vikander
nm2540053,Tanay Chheda
nm2540339,Rachel Korine
nm2541974,Jai Courtney
nm2546012,Kaya Scodelario
nm2552034,Melissa Benoist
nm2554352,T.J. Miller
nm2555462,Eiza González
nm2560043,Adelaide Kane
nm2564974,Lisa Thoreson
nm2570429,Jamie Campbell Bower
nm2594301,Darsheel Safary
nm2605345,Gemma Arterton
nm2633535,Asa Butterfield
nm2650819,Adèle Exarchopoulos
nm2654829,Maude Apatow
nm2655177,Caleb Landry Jones
nm2676147,Jonathan Groff
nm2686262,Colton Haynes
nm2714273,Lili Sepe
nm2726789,Zac Mattoon O'Brien
nm2762369,Onni Tommila
nm2765716,Moisés Acevedo
nm2794962,Hailee Steinfeld
nm2798112,Allison Tolman
nm2799219,Sakshi Tanwar
nm2809577,Jenny Slate
nm2832703,Matthew Zuk
nm2851530,Dane DeHaan
nm2872491,Martin Stringer
nm2899650,Alex Fisher
nm2930503,Jack Reynor
nm2933542,Boyd Holbrook
nm2933757,Gal Gadot
nm2934314,Lily Collins
nm2951768,Freida Pinto
nm2955013,Liam Hemsworth
nm2957717,Iris Apatow
nm2973712,Jordan Nagai
nm2976492,Aoi Yûki
nm3002919,Blake Harrison
nm3009232,Ezra Miller
nm3009594,Oaklee Pendergast
nm3020713,Simon Bird
nm3022504,Joe Thomas
nm3032715,Katy Barker
nm3037833,Eloise Mumford
nm3043279,Vicky Krieps
nm3046705,Lucy Walters
nm3051240,Paul Lombardi
nm3053338,Margot Robbie
nm3057402,Bee Vang
nm3087728,Anushka Sharma
nm3092471,Marwan Kenzari
nm3107870,David James
nm3115704,Ahney Her
nm3154303,Timothée Chalamet
nm3173395,Bailey Anne Borders
nm3190246,Richa Chadha
nm3194762,Karl Glusman
nm3217334,Christos Passalis
nm3222518,Sachet Engineer
nm3226241,Noah Ringer
nm3237775,Mackenzie Foy
nm3255459,Jillian Bell
nm3459140,Olivia Luccardi
nm3478396,Luke Bracey
nm3485845,Adam Driver
nm3504430,Faith Wladyka
nm3505032,Izzy Meikle-Small
nm3510471,Sam Claflin
nm3512758,Sarah Snook
nm3533310,Caitlyn Rund
nm3538539,Gabriella Wilde
nm3575723,Lydia Wilson
nm3584268,James Norton
nm3587952,Carla Quevedo
nm3592338,Emilia Clarke
nm3614913,Zoey Deutch
nm3620280,Joshua McIvor
nm3675884,Rosie Shaw
nm3679189,Kelley
nm3704942,Chris Swanson
nm3729721,Dylan O'Brien
nm3772243,Theo James
nm3815288,Jack Taylor
nm3821405,Jake Lacy
nm3822462,Rila Fukushima
nm3838127,Jasper Newell
nm3858223,Ben Lamb
nm3864163,Raffey Cassidy
nm3906429,Alex Esmail
nm3915728,Leeon Jones
nm3915784,John Boyega
nm3918035,Zendaya
nm3924219,Wenwen Han
nm3929074,Chester
nm3994407,Ryan Potter
nm3994408,Jane Levy
nm3995471,Craig Van Hook
nm4043618,Tom Holland
nm4088627,Jessica Sula
nm4103976,Jonny Weston
nm4129745,Allison Williams
nm4139037,Suraj Sharma
nm4141252,Lily James
nm4154798,Brenton Thwaites
nm4207679,Izabela Vidovic
nm4299147,Sareh Bayat
nm4347315,Steele Stebbins
nm4350114,Tom Prior
nm4388400,Gabriela Lopez
nm4420495,Sonoya Mizuno
nm4422686,Barry Keoghan
nm4442068,Jared Gilman
nm4442319,Kara Hayward
nm4447472,Hunter McCracken
nm4456120,Elizabeth Debicki
nm4478322,Kate Upton
nm4534098,Ed Skrein
nm4590837,Ed Oxenbould
nm4609822,Olivia DeJonge
nm4647895,Docs Keepin Time
nm4726634,Haley Lu Richardson
nm4759838,Mone Kamishiraishi
nm4802218,Oona Laurence
nm4835867,Honor Kneafsey
nm4914253,Julie Vollono
nm5008863,Farrah Mackenzie
nm5016878,Jacob Tremblay
nm5038871,Annika Wedderkopp
nm5039026,Lasse Fogelstrøm
nm5046516,Zoé De Grand Maison
nm5047403,Jude Swanberg
nm5052065,Ansel Elgort
nm5148840,Tao Okamoto
nm5218990,Trevante Rhodes
nm5237479,Stacy Martin
nm5301405,Mia Goth
nm5353321,Cara Delevingne
nm5375420,Jack Gore
nm5397459,Daisy Ridley
nm5473782,Taron Egerton
nm5645519,Anthony Gonzalez
nm5681967,Florence Lee
nm5896355,Anya Taylor-Joy
nm5897057,Jaeden Martell
nm5920962,Levi Miller
nm6016511,Finn Wolfhard
nm6096118,Sophia Lillis
nm6240141,Sophie Perry
nm6518675,Cole Konis
nm6567391,Elijah Smith
nm6590527,Aleks Mikic
nm6646183,Eldar Kim
nm6748436,Dafne Keen
nm6954008,Ryo Narita
nm7312806,Aomi Muyock
nm7312807,Klara Kristin
nm7476955,Juan Saavedra
nm7583273,Ang Phula Sherpa
nm7607873,Stefanie Martini
nm7621667,Sanya Malhotra
nm7635388,Auli'i Cravalho
nm7683379,Alex R. Hibbert
nm7887725,Fionn Whitehead
nm8061218,Sunny Pawar
nm8165340,Nellie
nm8467096,Barry G. Bernson
nm9195417,Aditi Balan
nm9300501,Herb Caillouet
nm9557586,Padmashri Mohammad Ali
nm9557587,Pradeep Anthony
nm9557596,Arnold
